tourney_id,tourney_name,surface,draw_size,tourney_level,indoor,tourney_date,match_num,winner_id,winner_seed,winner_entry,winner_name,winner_hand,winner_ht,winner_ioc,winner_age,winner_rank,winner_rank_points,loser_id,loser_seed,loser_entry,loser_name,loser_hand,loser_ht,loser_ioc,loser_age,loser_rank,loser_rank_points,score,best_of,round,minutes,w_ace,w_df,w_svpt,w_1stIn,w_1stWon,w_2ndWon,w_SvGms,w_bpSaved,w_bpFaced,l_ace,l_df,l_svpt,l_1stIn,l_1stWon,l_2ndWon,l_SvGms,l_bpSaved,l_bpFaced
2026-416,Munch,Clay,32,500,O,20260413,1,S0S1,2,,Ben Shelton,L,193,USA,23.51,6,3900,N0AM,,,Emilio Nava,R,185,USA,24.361,103,615,7-6(4) 3-6 6-3,3,R32,126,14,6,84,51,39,22,15,3,5,4,2,94,62,46,17,15,4,6
2026-416,Munich,Clay,32,500,O,20260413,2,C0AU,5,,Francisco Cerundolo,R,185,ARG,27.666,19,2020,N897,,,Sumit Nagal,R,178,IND,28.657,292,179,6-2 6-2,3,R32,80,2,2,60,36,27,12,8,8,8,0,1,50,37,21,6,8,6,10
2026-416,Munich,Clay,32,500,O,20260413,3,RC91,7,,Arthur Rinderknech,R,196,FRA,30.724,27,1651,M0QI,,,Alex Michelsen,R,193,USA,21.632,36,1200,6-3 6-3,3,R32,101,3,2,58,41,32,9,9,0,0,3,7,80,51,32,11,9,9,12
2026-416,Munich,Clay,32,500,O,20260413,4,D0F6,,,Gabriel Diallo,R,203,CAN,24.55,36,1175,SS25,,,Vitaliy Sachko,R,188,UKR,28.747,208,282,6-1 6-2,3,R32,76,4,2,53,38,30,7,8,5,5,2,0,45,20,11,11,7,5,9
2026-416,Munich,Clay,32,500,O,20260413,5,V812,,,Botic van de Zandschulp,R,191,NED,30.524,49,931,HH06,,,Marc-Andrea Huesler,L,196,SUI,29.802,340,148,7-6(7) 6-3,3,R32,110,2,5,71,47,32,12,10,3,5,3,2,77,41,24,17,11,6,10
2026-425,Barcelona,Clay,32,500,O,20260413,1,Q02L,,,Ethan Quinn,R,191,USA,22.086,54,911,O522,,,Reilly Opelka,R,211,USA,28.624,68,803,7-5 7-6(7),3,R32,111,8,1,83,59,50,10,12,0,0,13,6,81,50,40,16,12,7,8
2026-425,Barcelona,Clay,32,500,O,20260413,2,EA24,,,Tomas Martin Etcheverry,R,196,ARG,26.738,30,1540,D0CO,8,,Jack Draper,L,193,GBR,24.307,28,1610,3-6 6-3 4-1 RET,3,R32,105,3,4,56,29,21,17,11,1,4,3,6,69,36,24,12,12,1,6
2026-425,Barcelona,Clay,32,500,O,20260413,3,MW02,,,Corentin Moutet,L,180,FRA,26.984,31,1433,B0ID,,,Ignacio Buse,R,183,PER,22.051,60,864,6-4 6-4,3,R32,100,1,2,57,40,29,6,10,3,6,2,1,66,45,26,7,10,4,9
2026-416,Munich,Clay,32,500,O,20260413,6,B0PG,,,Alexander Blockx,R,193,BEL,21.013,71,772,H997,,,Yannick Hanfmann,R,193,GER,34.415,51,899,7-6(2) 6-2,3,R32,88,4,0,61,41,34,14,10,0,0,3,2,64,39,28,10,10,4,6
2026-425,Barcelona,Clay,32,500,O,20260413,4,J0DZ,,,Rafael Jodar,R,191,ESP,19.57,55,886,MU94,,,Jaume Munar,R,183,ESP,28.939,38,1175,6-1 6-2,3,R32,70,0,2,44,21,17,15,8,0,0,0,3,56,40,20,6,7,4,8
2026-425,Barcelona,Clay,32,500,O,20260413,5,N771,7,,Cameron Norrie,L,188,GBR,30.639,24,1778,W367,,,Stan Wawrinka,R,183,SUI,41.043,107,608,6-4 6-7(5) 6-4,3,R32,153,2,4,106,75,54,15,16,5,7,4,2,106,60,40,27,16,7,11
2026-425,Barcelona,Clay,32,500,O,20260413,6,BT72,,,Nuno Borges,R,185,POR,29.144,52,895,ME82,,,Adrian Mannarino,L,180,FRA,37.788,46,1025,6-3 6-4,3,R32,82,10,2,70,50,38,10,10,7,7,0,2,68,42,27,12,9,9,11
2026-425,Barcelona,Clay,32,500,O,20260413,7,M0JF,,,Hamad Medjedovic,R,188,SRB,22.738,88,664,TA29,,,Marco Trungelliti,R,178,ARG,36.197,79,732,7-5 6-4,3,R32,90,10,2,62,43,34,10,11,3,4,2,3,65,35,25,14,11,4,7
2026-416,Munich,Clay,32,500,O,20260414,7,Z355,1,,Alexander Zverev,R,198,GER,28.983,3,5555,KI95,,,Miomir Kecmanovic,R,183,SRB,26.62,58,875,6-3 3-6 7-6(2),3,R32,138,12,3,86,57,43,17,15,1,4,1,2,102,60,41,20,15,5,8
2026-416,Munich,Clay,32,500,O,20260414,8,MV14,,,Alex Molcan,L,178,SVK,28.367,166,376,BK92,3,,Alexander Bublik,R,196,KAZ,28.824,11,3445,6-4 6-2,3,R32,65,6,1,51,31,23,12,9,1,2,6,3,52,35,19,7,9,5,9
2026-416,Munich,Clay,32,500,O,20260414,9,C0E9,4,,Flavio Cobolli,R,183,ITA,23.94,16,2320,D0LJ,,,Diego Dedura,L,180,2H,18.09,258,210,6-4 7-5,3,R32,86,2,5,66,39,30,15,11,0,1,0,3,72,56,37,7,11,6,9
2026-416,Munich,Clay,32,500,O,20260414,10,D0FJ,6,,Luciano Darderi,R,183,ITA,24.162,21,1920,Z371,,,Zhizhen Zhang,R,193,CHN,29.492,242,230,7-6(5) 3-6 6-1,3,R32,127,8,3,89,51,37,23,14,3,6,11,2,94,64,45,11,14,7,11
2026-416,Munich,Clay,32,500,O,20260414,11,SU55,,,Denis Shapovalov,L,185,CAN,26.998,39,1120,GJ37,8,,Tallon Griekspoor,R,188,NED,29.782,32,1430,6-4 3-6 6-2,3,R32,122,3,6,82,48,31,21,14,3,6,4,4,85,56,36,13,13,8,12
2026-416,Munich,Clay,32,500,O,20260414,12,AE14,,,Daniel Altmaier,R,188,GER,27.587,56,880,C977,,,Marin Cilic,R,198,CRO,37.541,48,950,6-2 6-3,3,R32,69,9,1,49,33,27,12,9,2,2,3,2,49,31,20,8,8,1,4
2026-416,Munich,Clay,32,500,O,20260414,13,BU13,,,Zizou Bergs,R,185,BEL,26.864,40,1110,T0FI,,,Marko Topo,R,185,GER,22.585,260,208,6-1 6-4,3,R32,69,6,4,56,27,16,19,9,2,4,2,4,46,31,17,4,8,3,8
2026-416,Munich,Clay,32,500,O,20260414,14,F0FV,,,Joao Fonseca,R,188,BRA,19.647,35,1315,TE30,,,Alejandro Tabilo,L,188,CHI,28.865,45,1068,7-6(1) 6-3,3,R32,93,3,1,66,43,31,14,10,2,3,4,0,68,40,27,12,11,4,7
2026-416,Munich,Clay,32,500,O,20260414,15,KI82,,,Vit Kopriva,R,178,CZE,28.83,78,738,E0DD,,,Justin Engel,R,185,GER,18.535,184,323,6-3 5-7 6-2,3,R32,130,2,2,96,62,41,15,15,2,6,1,2,85,55,31,15,14,6,12
2026-425,Barcelona,Clay,32,500,O,20260414,8,A0E2,1,,Carlos Alcaraz,R,183,ESP,22.943,2,13240,V0AM,,,Otto Virtanen,R,193,FIN,24.813,130,487,6-4 6-2,3,R32,85,0,3,67,45,29,12,9,5,6,0,3,55,32,21,7,9,3,7
2026-425,Barcelona,Clay,32,500,O,20260414,9,M0EJ,2,,Lorenzo Musetti,R,185,ITA,24.115,9,3625,L0IL,,,Martin Landaluce,R,193,ESP,20.263,101,634,7-5 6-2,3,R32,87,3,4,60,35,29,13,10,2,3,1,4,57,27,19,14,10,3,7
2026-425,Barcelona,Clay,32,500,O,20260414,10,DH58,3,,Alex de Minaur,R,183,AUS,27.154,7,3895,O513,,,Sebastian Ofner,R,191,AUT,29.922,86,673,7-6(7) 6-4,3,R32,105,3,4,81,37,32,24,11,4,4,0,3,74,39,29,18,11,0,1
2026-425,Barcelona,Clay,32,500,O,20260414,11,U182,,,Camilo Ugo Carabelli,R,185,ARG,26.825,64,825,KE29,4,,Karen Khachanov,R,198,RUS,29.897,14,2410,6-3 6-4,3,R32,73,3,0,51,34,28,12,10,0,0,2,2,53,36,24,9,9,2,4
2026-425,Barcelona,Clay,32,500,O,20260414,12,M0FH,,,Tomas Machac,R,183,CZE,25.5,47,980,B0BI,,,Sebastian Baez,R,170,ARG,25.292,57,880,2-6 6-4 6-1,3,R32,99,3,3,69,47,32,10,12,1,4,1,1,76,54,31,9,13,4,9
2026-425,Barcelona,Clay,32,500,O,20260414,13,SU87,,,Lorenzo Sonego,R,191,ITA,30.927,66,810,MO44,,,Pedro Martinez,R,185,ESP,28.966,125,496,6-2 2-6 6-4,3,R32,156,5,1,76,48,33,14,13,6,10,0,4,83,55,30,16,13,6,11
2026-425,Barcelona,Clay,32,500,O,20260414,14,F0F1,9,,Arthur Fils,R,185,FRA,21.837,30,1440,A0GC,,,Terence Atmane,L,193,FRA,24.26,41,1108,4-6 6-4 7-6(7),3,R32,144,2,3,104,67,49,22,16,6,8,12,2,112,79,57,16,16,3,5
2026-425,Barcelona,Clay,32,500,O,20260414,15,RE44,5,,Andrey Rublev,R,188,RUS,28.482,15,2350,N0BS,,,Mariano Navone,R,178,ARG,25.125,44,1085,6-4 7-5,3,R32,112,1,2,74,42,27,15,11,4,7,1,1,77,62,31,9,11,5,10
2026-425,Barcelona,Clay,32,500,O,20260414,16,N0AE,,,Brandon Nakashima,R,188,USA,24.695,33,1385,C0C8,,,Juan Manuel Cerundolo,L,183,ARG,24.411,69,803,6-3 7-5,3,R32,102,6,0,71,45,31,16,11,1,2,6,2,61,30,21,14,10,3,6
2026-416,Munich,Clay,32,500,O,20260415,16,C0E9,4,,Flavio Cobolli,R,183,ITA,23.943,16,2320,BU13,,,Zizou Bergs,R,185,BEL,26.867,40,1110,6-2 6-3,3,R16,73,4,3,49,26,23,14,9,1,1,1,5,44,25,17,6,8,0,3
2026-416,Munich,Clay,32,500,O,20260415,17,S0S1,2,,Ben Shelton,L,193,USA,23.515,6,3900,B0PG,,,Alexander Blockx,R,193,BEL,21.018,71,772,6-4 7-6(8),3,R16,106,4,2,77,49,37,20,11,3,3,0,0,74,45,35,16,11,1,2
2026-416,Munich,Clay,32,500,O,20260415,18,F0FV,,,Joao Fonseca,R,188,BRA,19.65,35,1315,RC91,7,,Arthur Rinderknech,R,196,FRA,30.73,27,1651,6-3 6-2,3,R16,81,2,1,61,41,31,10,9,9,9,4,5,56,37,23,7,8,4,7
2026-416,Munich,Clay,32,500,O,20260415,19,M0CI,,,Fabian Marozsan,R,193,HUN,26.519,42,1105,TE51,,,Stefanos Tsitsipas,R,193,GRE,27.674,67,805,3-6 7-6(5) 6-4,3,R32,148,3,2,90,59,46,19,16,3,5,6,4,123,77,54,24,15,14,15
2026-425,Barcelona,Clay,32,500,O,20260415,17,M0JF,,,Hamad Medjedovic,R,188,SRB,22.743,88,664,DH58,3,,Alex de Minaur,R,183,AUS,27.157,7,3895,6-3 6-4,3,R16,95,6,1,74,49,36,11,10,8,9,1,5,53,19,13,19,9,5,8
2026-425,Barcelona,Clay,32,500,O,20260415,18,BT72,,,Nuno Borges,R,185,POR,29.15,52,895,EA24,,,Tomas Martin Etcheverry,R,196,ARG,26.743,30,1540,6-3 7-6(4),3,R16,121,5,5,83,46,37,20,11,4,5,0,4,65,36,21,19,10,6,8
2026-416,Munich,Clay,32,500,O,20260415,20,KI82,,,Vit Kopriva,R,178,CZE,28.832,78,738,D0FJ,6,,Luciano Darderi,R,183,ITA,24.164,21,1920,2-6 6-4 6-1,3,R16,120,5,3,88,54,36,18,13,6,10,4,1,78,41,26,17,12,1,6
2026-425,Barcelona,Clay,32,500,O,20260415,19,N771,7,,Cameron Norrie,L,188,GBR,30.645,24,1778,Q02L,,,Ethan Quinn,R,191,USA,22.092,54,911,6-3 4-6 6-4,3,R16,150,4,5,102,63,44,21,15,6,8,7,6,105,62,43,19,14,4,7
2026-425,Barcelona,Clay,32,500,O,20260415,20,J0DZ,,,Rafael Jodar,R,191,ESP,19.576,55,886,U182,,,Camilo Ugo Carabelli,R,185,ARG,26.828,64,825,6-3 6-3,3,R16,89,0,1,60,42,27,12,9,4,5,0,2,69,37,21,14,9,5,9
2026-425,Barcelona,Clay,32,500,O,20260415,21,M0FH,,,Tomas Machac,R,183,CZE,25.503,47,980,A0E2,,,Carlos Alcaraz,R,183,ESP,22.946,2,13240,W/O,3,R16,,,,,,,,,,,,,,,,,,,
2026-416,Munich,Clay,32,500,O,20260416,21,Z355,1,,Alexander Zverev,R,198,GER,28.988,3,5555,D0F6,,,Gabriel Diallo,R,203,CAN,24.559,36,1175,6-1 6-2,3,R16,73,3,1,40,30,25,5,7,1,1,2,0,53,31,17,7,8,3,8
2026-416,Munich,Clay,32,500,O,20260416,22,C0AU,5,,Francisco Cerundolo,R,185,ARG,27.674,19,2020,V812,,,Botic van de Zandschulp,R,191,NED,30.533,49,931,6-3 6-0,3,R16,64,0,2,40,20,14,13,7,3,4,0,4,54,31,15,8,8,5,11
2026-416,Munich,Clay,32,500,O,20260416,23,MV14,,,Alex Molcan,L,178,SVK,28.372,166,376,AE14,,,Daniel Altmaier,R,188,GER,27.592,56,880,6-4 7-6(10),3,R16,103,2,0,68,43,36,16,11,0,0,6,5,68,47,37,10,11,0,1
2026-416,Munich,Clay,32,500,O,20260416,24,SU55,,,Denis Shapovalov,L,185,CAN,27.003,39,1120,M0CI,,,Fabian Marozsan,R,193,HUN,26.522,42,1105,7-6(4) 6-2,3,R16,85,4,8,67,38,30,17,10,3,3,3,1,60,44,28,12,10,2,4
2026-425,Barcelona,Clay,32,500,O,20260416,22,M0EJ,2,,Lorenzo Musetti,R,185,ITA,24.12,9,3625,MW02,,,Corentin Moutet,L,180,FRA,26.992,31,1433,6-3 6-4,3,R16,101,2,0,64,42,29,14,10,5,6,1,3,59,41,25,9,9,2,5
2026-425,Barcelona,Clay,32,500,O,20260416,23,RE44,5,,Andrey Rublev,R,188,RUS,28.487,15,2350,SU87,,,Lorenzo Sonego,R,191,ITA,30.932,66,810,6-2 6-3,3,R16,102,2,5,54,30,21,13,8,4,5,1,2,70,41,21,14,9,6,11
2026-425,Barcelona,Clay,32,500,O,20260416,24,F0F1,9,,Arthur Fils,R,185,FRA,21.843,30,1440,N0AE,,,Brandon Nakashima,R,188,USA,24.701,33,1385,6-2 6-3,3,R16,73,2,1,44,28,23,8,8,1,2,2,0,54,34,20,8,9,4,9
2026-416,Munich,Clay,32,500,O,20260417,25,S0S1,2,,Ben Shelton,L,193,USA,23.521,6,3900,F0FV,,,Joao Fonseca,R,188,BRA,19.655,35,1315,6-3 3-6 6-3,3,QF,109,7,2,70,45,38,17,14,0,1,3,0,76,50,35,17,13,5,7
2026-416,Munich,Clay,32,500,O,20260417,26,Z355,1,,Alexander Zverev,R,198,GER,28.991,3,5555,C0AU,5,,Francisco Cerundolo,R,185,ARG,27.677,19,2020,5-7 6-0 6-2,3,QF,135,3,3,72,52,34,13,13,0,3,1,4,93,52,29,18,13,5,12
2026-416,Munich,Clay,32,500,O,20260417,27,C0E9,4,,Flavio Cobolli,R,183,ITA,23.948,16,2320,KI82,,,Vit Kopriva,R,178,CZE,28.838,78,738,6-3 6-2,3,QF,86,1,3,60,31,22,17,9,5,6,1,3,58,35,20,9,8,8,12
2026-425,Barcelona,Clay,32,500,O,20260417,25,F0F1,9,,Arthur Fils,R,185,FRA,21.845,30,1440,M0EJ,2,,Lorenzo Musetti,R,185,ITA,24.123,9,3625,6-3 6-4,3,QF,75,2,0,51,37,29,11,10,0,0,2,2,58,42,31,6,9,3,5
2026-425,Barcelona,Clay,32,500,O,20260417,26,RE44,5,,Andrey Rublev,R,188,RUS,28.49,15,2350,M0FH,,,Tomas Machac,R,183,CZE,25.509,47,980,6-4 6-3,3,QF,85,1,3,60,31,20,14,9,4,7,0,3,66,43,22,9,10,7,13
2026-425,Barcelona,Clay,32,500,O,20260417,27,M0JF,,,Hamad Medjedovic,R,188,SRB,22.749,88,664,BT72,,,Nuno Borges,R,185,POR,29.155,52,895,7-6(6) 6-2,3,QF,94,7,2,65,39,31,15,10,1,2,4,2,63,41,29,12,10,3,6
2026-416,Munich,Clay,32,500,O,20260417,28,MV14,,,Alex Molcan,L,178,SVK,28.375,166,376,SU55,,,Denis Shapovalov,L,185,CAN,27.006,39,1120,6-4 6-4,3,QF,78,2,3,52,28,19,19,10,0,1,4,7,61,32,23,12,10,6,9
2026-425,Barcelona,Clay,32,500,O,20260417,28,J0DZ,,,Rafael Jodar,R,191,ESP,19.581,55,886,N771,7,,Cameron Norrie,L,188,GBR,30.65,24,1778,6-3 6-2,3,QF,69,4,1,48,32,24,8,9,2,4,1,1,53,30,12,12,8,4,9
2026-416,Munich,Clay,32,500,O,20260418,29,C0E9,4,,Flavio Cobolli,R,183,ITA,23.951,16,2320,Z355,1,,Alexander Zverev,R,198,GER,28.994,3,5555,6-3 6-3,3,SF,69,7,1,49,32,24,10,9,1,2,0,1,45,35,22,3,9,1,5
2026-416,Munich,Clay,32,500,O,20260418,30,S0S1,2,,Ben Shelton,L,193,USA,23.524,6,3900,MV14,,,Alex Molcan,L,178,SVK,28.378,166,376,6-3 6-4,3,SF,96,6,2,62,37,27,17,10,1,1,2,2,67,35,26,16,9,6,8
2026-425,Barcelona,Clay,32,500,O,20260418,29,RE44,5,,Andrey Rublev,R,188,RUS,28.493,15,2350,M0JF,,,Hamad Medjedovic,R,188,SRB,22.752,88,664,3-6 6-2 6-2,3,SF,118,5,2,79,47,33,22,12,5,6,6,3,90,64,40,13,13,5,9
2026-425,Barcelona,Clay,32,500,O,20260418,30,F0F1,9,,Arthur Fils,R,185,FRA,21.848,30,1440,J0DZ,,,Rafael Jodar,R,191,ESP,19.584,55,886,3-6 6-3 6-2,3,SF,112,1,3,82,46,37,19,13,6,7,2,3,82,49,33,18,13,10,13
2026-416,Munich,Clay,32,500,O,20260419,31,S0S1,2,,Ben Shelton,L,193,USA,23.526,6,3900,C0E9,4,,Flavio Cobolli,R,183,ITA,23.953,16,2320,6-2 7-5,3,F,90,4,3,68,40,34,12,10,6,6,2,3,57,33,23,12,10,6,9
2026-425,Barcelona,Clay,32,500,O,20260419,31,F0F1,9,,Arthur Fils,R,185,FRA,21.851,30,1440,RE44,5,,Andrey Rublev,R,188,RUS,28.496,15,2350,6-2 7-6(2),3,F,100,5,3,67,38,26,15,10,5,8,1,2,87,56,33,10,10,14,19
